GIS_ACRES,DURATION,ALARM_DATE,lat,lon,LC_Type1,LST_Day_1km,NDVI,ET_500m,Percent_Tree_Cover,om_temp_max_c,om_wind_speed_max_ms,om_soil_temp_mean_c,om_rel_humidity_mean,om_vpd_max_kpa,om_soil_moisture_0_7cm_mean,om_wind_dir_dominant_deg
12.298944,0.0,2018-02-08 00:00:00+00:00,32.55679297552145,-116.87111460310216,10.0,32.4,0.3166,2.0,7.0,27.39900016784668,10.163227081298828,18.259416580200195,15.469033241271973,3.308741569519043,0.0780000165104866,40.17565536499024
23.325134,1.0,2021-07-15 00:00:00+00:00,32.57529889917119,-116.6564733992296,10.0,38.6,0.252,4.8,8.0,31.75950050354004,17.41447639465332,33.74699401855469,49.26074600219727,3.324148178100586,0.0699166804552078,258.2725524902344
19.736109,0.0,2006-07-15 00:00:00+00:00,32.57898934253057,-116.60367620973244,10.0,44.0,0.2113,1.7,3.0,37.09999847412109,13.708391189575195,35.295833587646484,39.843074798583984,4.847146034240723,0.082791656255722,277.2205810546875
270.63254,0.0,2002-02-26 00:00:00+00:00,32.64456410717625,-116.69202534534578,10.0,30.7,0.382,2.7,4.0,27.19700050354004,15.844088554382324,19.307416915893555,34.34257125854492,3.3000600337982178,0.0598333291709423,65.38465118408203
123.6037,2.0,2005-07-14 00:00:00+00:00,32.67786743211087,-116.63843394122192,6.0,38.6,0.5861,9.3,20.0,33.67799758911133,11.726277351379396,31.590505599975582,41.49518585205078,3.86589241027832,0.0820000097155571,308.22271728515625
270.07477,1.0,2014-03-08 00:00:00+00:00,32.81366770555402,-116.49329872731722,6.0,20.2,0.5184,3.9,17.0,19.39249992370605,23.565568923950195,13.39041805267334,38.015872955322266,1.8892426490783687,0.2873750030994415,59.86695098876953
122.72171,3.0,2006-07-14 00:00:00+00:00,32.82174082994416,-116.5438657852266,6.0,43.6,0.4613,2.8,9.0,35.91749954223633,12.979984283447266,28.71125221252441,35.95000076293945,4.74518632888794,0.1179583594202995,269.4628601074219
30.621279,4.0,2006-02-08 00:00:00+00:00,33.08302151445795,-116.60604755140028,9.0,21.5,0.4188,4.2,18.0,20.655500411987305,15.192682266235352,12.147167205810549,10.19258975982666,2.3128628730773926,0.0900000110268592,53.18429565429688
30.286394,3.0,2019-03-13 00:00:00+00:00,33.0542196490686,-115.33906465487163,12.0,26.6,0.616,5.4,3.0,21.773500442504883,31.072816848754883,18.32141876220703,43.98370742797852,2.308675527572632,0.056999996304512,268.6755065917969
269.65573,1.0,2006-07-15 00:00:00+00:00,33.097254180281645,-116.52207870318996,10.0,44.8,0.2364,0.5,4.0,41.17900085449219,12.287554740905762,41.26025772094727,26.24088478088379,6.777993202209473,0.0211666654795408,263.2574462890625
177.29681,0.0,2010-07-15 00:00:00+00:00,33.13963512800219,-116.52398594385234,7.0,47.6,0.1951,1.3,1.0,38.85749816894531,12.605141639709473,38.3970832824707,33.482913970947266,5.566962718963623,0.0329166688024997,201.21417236328125
2.7875617,0.0,2006-02-09 00:00:00+00:00,33.26883973673085,-117.17173373890137,9.0,25.1,0.5088,4.9,12.0,27.559499740600582,13.089353561401367,16.611581802368164,30.00200843811035,3.247953176498413,0.1147500053048133,185.35569763183597
23.200613,0.0,2002-02-09 00:00:00+00:00,33.32847984101686,-116.9653070802172,6.0,23.6,0.4001,2.4,8.0,20.65250015258789,15.97848415374756,10.702499389648438,62.43343734741211,2.174722671508789,0.158624991774559,56.48332977294922
5663.1167,3.0,2002-02-10 00:00:00+00:00,33.39450629564705,-117.27225881752774,6.0,24.6,0.3184,4.7,15.0,22.722000122070312,14.345897674560549,13.744917869567873,27.32744407653809,2.455244779586792,0.1245833337306976,29.017147064208984
23.973005,1.0,2015-07-16 00:00:00+00:00,33.210554039348075,-116.73255803851916,9.0,46.4,0.3219,6.2,13.0,30.15699958801269,10.13769245147705,22.779916763305664,48.91868209838867,3.2389822006225586,0.1276250183582306,238.6517791748047
6.2608194,0.0,2021-07-15 00:00:00+00:00,33.54107516310483,-117.6526340490561,9.0,31.5,0.3163,6.4,7.0,27.535499572753903,11.98859405517578,26.439666748046875,72.67857360839844,2.1825437545776367,0.0969166755676269,203.19859313964844
154.62067,9.0,2022-02-10 00:00:00+00:00,33.5614628034751,-117.8056705232314,10.0,26.4,0.5446,3.7,8.0,31.32749938964844,32.23357009887695,22.35874938964844,14.1642484664917,4.145270824432373,0.093249998986721,23.466102600097656
13.008084,,2020-03-06 00:00:00+00:00,33.61939809381264,-117.35059668603692,9.0,16.5,0.5448,11.4,20.0,21.923999786376957,10.464797019958496,12.661498069763184,51.55130386352539,2.037421703338623,0.148375004529953,240.33335876464844
2.3760936,0.0,2016-07-16 00:00:00+00:00,33.6412160297258,-117.36099426122723,6.0,45.0,0.2826,4.7,9.0,30.796998977661133,11.753876686096191,27.097000122070312,60.885650634765625,3.1158339977264404,0.1082499995827674,226.2682647705078
79.419426,0.0,2010-07-15 00:00:00+00:00,33.619010000798575,-116.902442790525,10.0,42.0,0.243,3.4,2.0,38.04600143432617,9.65981388092041,30.32308387756348,43.70785140991211,4.936347484588623,0.1069166660308837,222.2444610595703
522.2162,3.0,2010-07-15 00:00:00+00:00,33.66402036976741,-117.00358772889784,7.0,40.6,0.2351,2.8,4.0,39.066497802734375,10.446206092834473,31.518585205078125,44.90340042114258,5.303803443908691,0.0971249863505363,221.03521728515625
0.2644691,0.0,2012-03-03 00:00:00+00:00,33.95614836120854,-117.89723612780456,10.0,30.2,0.4633,6.1,5.0,23.56450080871582,10.787993431091309,11.94991683959961,28.464006423950195,2.5235402584075928,0.1545000076293945,23.928232192993164
552.538,25.0,2022-03-02 00:00:00+00:00,33.703774454341065,-117.5146442963192,10.0,22.8,0.7071,8.0,12.0,23.423999786376957,10.245779991149902,10.463583946228027,18.81297492980957,2.497281312942505,0.1957916617393493,254.51138305664065
27523.666,15.0,2013-07-15 00:00:00+00:00,33.72475901682933,-116.61956769435848,10.0,33.2,0.5939,2.5,26.0,25.651498794555664,12.904882431030272,20.868167877197266,38.674442291259766,2.569218158721924,0.142625018954277,247.96371459960935
19.093983,0.0,2014-02-17 00:00:00+00:00,33.75856663811367,-117.30300726351072,10.0,31.7,0.1993,1.7,7.0,22.54400062561035,13.044721603393556,17.19608497619629,54.8193473815918,1.9744086265563965,0.0524999983608722,185.44021606445312
334.58276,8.0,2023-07-15 00:00:00+00:00,33.80768287555546,-117.3491876497316,10.0,44.2,0.1686,3.8,3.0,39.385498046875,14.058449745178224,34.979244232177734,25.94876289367676,5.918883323669434,0.0770000144839286,336.3802490234375
8354.776,9.0,2023-07-14 00:00:00+00:00,33.89147285611622,-117.02137829200896,10.0,45.5,0.1619,1.8,1.0,37.62649917602539,22.17144012451172,32.14107894897461,22.79546356201172,5.6417741775512695,0.0839999988675117,314.7177429199219
104.02066,9.0,2023-07-14 00:00:00+00:00,33.902660289219384,-116.94219930456966,10.0,45.0,0.3121,3.0,3.0,35.5004997253418,16.51690101623535,27.72758674621582,23.477052688598636,5.035646438598633,0.085999995470047,284.6277770996094
1618.0792,2.0,2007-03-11 00:00:00+00:00,33.8273432498864,-117.7465124907708,10.0,31.3,0.3145,3.4,8.0,30.982500076293945,10.182336807250977,17.942916870117188,55.349979400634766,3.9594390392303462,0.1101250126957893,56.65922164916992
777.51404,1.0,2007-03-11 00:00:00+00:00,33.83894748008538,-117.4870962149212,10.0,39.8,0.2188,1.6,3.0,31.54599952697754,10.182336807250977,17.51474952697754,48.43764877319336,4.242517948150635,0.1100833341479301,56.65922164916992
2234.3599,3.0,2002-02-09 00:00:00+00:00,33.85107150055244,-117.6844513522194,6.0,21.5,0.544,3.4,3.0,20.665000915527344,19.862083435058597,11.515002250671388,68.08606719970703,2.120595932006836,0.1535833179950714,42.1135139465332
362.23776,2.0,2013-02-28 00:00:00+00:00,33.97152880394966,-117.4198017183016,10.0,31.2,0.347,3.4,14.0,24.323501586914062,9.164103507995604,10.18183422088623,39.39544296264648,2.669003486633301,0.152875006198883,44.670711517333984
435.68396,9.0,2023-07-14 00:00:00+00:00,33.9741928350134,-117.21446933241266,10.0,44.6,0.2082,2.9,5.0,35.484500885009766,19.130874633789062,29.940750122070312,21.823347091674805,5.001804351806641,0.0839999988675117,300.48663330078125
0.62875485,0.0,2012-01-26 00:00:00+00:00,33.37617779302059,-118.39591916642922,9.0,24.4,0.5266,7.3,7.0,19.25900077819824,16.862455368041992,12.375664710998535,70.26665496826172,1.0622767210006714,0.1078749895095825,293.08062744140625
1.2048074,0.0,2015-03-13 00:00:00+00:00,34.04806057646367,-118.59801506478262,6.0,32.2,0.6378,11.4,14.0,30.590499877929688,19.85556030273437,20.709251403808597,34.5745735168457,3.95997953414917,0.1115416586399078,25.916282653808597
0.085204504,0.0,2013-03-11 00:00:00+00:00,34.117576191130695,-118.63268289712592,10.0,27.2,0.544,9.6,17.0,22.32599830627441,8.90590763092041,14.86558437347412,56.15944290161133,2.1217968463897705,0.1740000247955322,16.2976131439209
2.0338473,0.0,2016-02-07 00:00:00+00:00,34.234395964894766,-119.09460870060032,12.0,27.4,0.3091,4.7,4.0,25.19599914550781,11.92355728149414,14.237666130065918,45.884220123291016,2.538893222808838,0.2437499910593032,24.068716049194336
0.025269888,0.0,2018-02-13 00:00:00+00:00,34.05061515829421,-118.64552472725288,10.0,16.3,0.4753,6.7,15.0,14.835000038146973,13.202726364135742,12.72874927520752,71.9278335571289,0.9773694276809692,0.1511250138282776,101.46669006347656
36.625008,1.0,2006-02-08 00:00:00+00:00,34.08152252572938,-118.76128882287756,6.0,24.9,0.512,7.5,17.0,26.02899932861328,15.62997055053711,13.26858615875244,25.832365036010746,3.1251442432403564,0.0993750095367431,17.629487991333008
1.5029616,0.0,2009-07-14 00:00:00+00:00,34.09967198859144,-118.71554402733815,10.0,35.0,0.368,8.2,8.0,30.125,15.141413688659668,25.95208168029785,57.46968460083008,2.7928714752197266,0.1210000291466713,224.6636199951172
78.704575,1.0,2016-07-14 00:00:00+00:00,34.14770206824613,-118.86730955948492,6.0,43.1,0.2148,5.9,9.0,27.038000106811523,11.808877944946287,27.590085983276367,67.23241424560547,1.939368486404419,0.0886666700243949,197.0611572265625
36.24531,,2001-07-15 00:00:00+00:00,34.159280128203655,-117.83443540376618,10.0,29.1,0.4707,11.7,12.0,27.381500244140625,11.525623321533203,25.904417037963867,62.91447830200195,2.290595293045044,0.0749166831374168,213.0579833984375
4.2598147,1.0,2021-03-05 00:00:00+00:00,34.284557731493656,-118.85951293345916,9.0,31.2,0.4357,3.6,14.0,25.965499877929688,19.523155212402344,13.438416481018066,53.34504699707031,2.919936418533325,0.1256666630506515,79.8380126953125
58.85123,0.0,2011-07-15 00:00:00+00:00,34.29469059653291,-118.8195861556848,10.0,36.5,0.2409,6.1,6.0,23.23499870300293,15.192682266235352,21.220415115356445,77.61993408203125,1.4204782247543335,0.1043333411216735,231.5039520263672
168.09772,1.0,2013-07-16 00:00:00+00:00,33.98041871508302,-117.15089276339172,10.0,44.0,0.1723,1.5,4.0,33.380001068115234,11.792404174804688,30.96958351135254,30.70609474182129,4.62331485748291,0.0770000144839286,222.5633087158203
520.8995,1.0,2006-07-14 00:00:00+00:00,34.01043657221222,-117.14222521794504,10.0,47.9,0.2462,1.0,8.0,38.03300094604492,10.29625129699707,32.87257766723633,32.89247512817383,5.434469223022461,0.0770000144839286,231.19488525390625
460.28958,0.0,2017-07-14 00:00:00+00:00,34.0939544394561,-117.09079817449886,10.0,45.9,0.2599,2.5,4.0,34.406002044677734,14.264361381530762,30.678916931152344,43.29532241821289,4.014276504516602,0.07549998909235,273.0527648925781
477.11142,3.0,2006-01-23 00:00:00+00:00,34.17290656469182,-117.123881359398,10.0,15.5,0.6012,3.5,20.0,13.081000328063965,18.720001220703125,6.4018330574035645,26.780149459838867,1.3379517793655396,0.1817499846220016,23.96913146972656
0.76601404,0.0,2018-01-28 00:00:00+00:00,34.29191264926538,-118.96310905513546,9.0,25.5,0.5568,6.3,3.0,26.20599937438965,36.74469757080078,18.314332962036133,17.031042098999023,2.9271798133850098,0.0824166759848594,45.10776138305664
0.16792823,0.0,2018-02-15 00:00:00+00:00,34.38511311710185,-118.88096440719896,9.0,26.8,0.6994,4.7,2.0,21.420000076293945,25.779619216918945,15.261666297912598,57.61326599121094,2.1121315956115723,0.1185416579246521,42.78792572021485
0.2350992,0.0,2018-02-07 00:00:00+00:00,34.40129516789,-118.84482015592594,9.0,30.9,0.4735,5.1,1.0,27.401498794555664,22.148046493530277,18.69108390808105,18.99410057067871,3.171365261077881,0.0975833311676979,29.224348068237305
4.1140103,0.0,2012-02-09 00:00:00+00:00,34.43653824881752,-118.7032541351961,10.0,28.8,0.3184,2.6,3.0,26.13349914550781,11.01388168334961,13.773082733154297,39.44482803344727,2.9511632919311523,0.0994583591818809,5.207381725311279
20.417542,0.0,2007-07-15 00:00:00+00:00,34.42688124020178,-118.35591217218511,6.0,45.8,0.3584,2.7,20.0,31.982500076293945,13.10419750213623,32.15542221069336,54.76089477539063,3.349129676818848,0.0759999826550483,206.63722229003903
1.1716934,0.0,2021-02-02 00:00:00+00:00,34.45596295942283,-118.57613282719215,13.0,24.1,0.2625,2.6,2.0,19.321001052856445,9.164103507995604,12.496001243591309,53.59857177734375,1.360588550567627,0.2786249816417694,357.4171142578125
171.88672,,2000-02-25 00:00:00+00:00,34.465403006789685,-118.31069013566504,,16.5,0.3058,6.5,6.0,12.425999641418455,9.686609268188477,8.5885009765625,77.34882354736328,0.6503515243530273,0.3733333349227905,195.12405395507807
6.0908103,1.0,2012-03-11 00:00:00+00:00,34.548623483183015,-118.33622078326428,7.0,22.6,0.4068,2.9,8.0,18.390501022338867,14.529914855957031,13.886333465576172,51.17757797241211,1.7384916543960571,0.1048750206828117,202.9637908935547
123.76858,5.0,2022-03-12 00:00:00+00:00,34.48919604037031,-120.28099414349823,6.0,22.1,0.712,12.8,5.0,19.640499114990234,23.42490768432617,14.85300064086914,43.85749816894531,1.4363137483596802,0.1862916797399521,335.8846130371094
0.89392745,0.0,2002-02-21 00:00:00+00:00,34.68567975996925,-120.5350052496563,10.0,27.5,0.5659,10.0,6.0,21.85300064086914,26.758922576904297,14.7342529296875,71.23127746582031,1.4642609357833862,0.2007083147764206,358.5777893066406
131.31725,1.0,2019-07-14 00:00:00+00:00,34.34883916816934,-118.96969242350424,12.0,38.5,0.3665,4.0,10.0,31.017000198364254,15.778515815734863,24.952417373657227,64.20771789550781,2.906928300857544,0.1094166338443756,236.9292755126953
1.5472859,1.0,2022-03-16 00:00:00+00:00,34.390537605480375,-118.9174818757068,13.0,32.5,0.2306,3.6,0.0,26.40650177001953,19.201873779296875,22.67733192443848,43.25666427612305,2.793125867843628,0.0869583487510681,9.05383014678955
0.055349458,0.0,2015-02-09 00:00:00+00:00,34.384806832461955,-119.36231511170472,10.0,19.7,0.6512,8.5,14.0,22.28300094604492,14.145755767822266,16.093416213989258,79.33246612548828,1.5888069868087769,0.2687083184719085,266.0995788574219
11.427398,3.0,2012-03-09 00:00:00+00:00,34.53539774551589,-119.7546135285594,8.0,28.2,0.6251,6.8,23.0,24.540498733520508,17.02689552307129,15.003003120422363,23.71185111999512,2.745238780975342,0.1640416830778122,348.3015441894531
2.77828,0.0,2002-02-21 00:00:00+00:00,34.78890325667738,-120.578678990357,10.0,26.4,0.554,8.5,4.0,20.89550018310547,26.758922576904297,14.601750373840332,74.19393920898438,1.2227760553359983,0.2193749994039535,358.5777893066406
25.532444,2.0,2022-07-15 00:00:00+00:00,35.0243217728646,-120.467747828571,10.0,41.1,0.3443,6.6,6.0,25.285999298095703,11.65977668762207,23.246416091918945,69.10259246826172,1.94484281539917,0.0939166545867919,247.6391143798828
356.63986,3.0,2024-07-14 00:00:00+00:00,35.34651298693956,-119.33526290576394,12.0,41.6,0.1837,0.8,1.0,45.46249771118164,18.28927421569824,37.1833381652832,23.943498611450195,8.850584030151367,0.1340000480413437,340.0333557128906
1.9862986,0.0,2022-07-15 00:00:00+00:00,34.92069915022301,-118.92585139726462,10.0,51.2,0.1936,0.6,2.0,37.71549987792969,13.358860969543455,31.842588424682617,25.88397216796875,5.420012950897217,0.127000018954277,358.0474853515625
15.475764,0.0,2024-07-15 00:00:00+00:00,34.99963909558604,-118.33589558152012,10.0,51.7,0.2381,1.4,1.0,35.54600143432617,18.998313903808597,34.393917083740234,25.49349975585937,4.9583892822265625,0.0249166693538427,219.6022186279297
9.619454,0.0,2020-07-15 00:00:00+00:00,35.093661449314354,-118.27160046242548,7.0,48.8,0.2373,1.1,0.0,32.02899932861328,20.63022994995117,31.05608367919922,23.17931365966797,3.866913080215454,0.1070000231266021,297.75836181640625
466.68008,1.0,2004-07-14 00:00:00+00:00,35.08955347565004,-118.31632387879544,10.0,45.6,0.301,1.3,2.0,32.150001525878906,14.058449745178224,30.995834350585938,30.846281051635746,4.287019729614258,0.085999995470047,241.02305603027344
1.2267588,0.0,2012-02-05 00:00:00+00:00,35.437887499695464,-118.88270057763172,10.0,23.2,0.2736,2.2,0.0,19.42249870300293,8.089993476867676,9.091249465942385,53.22587585449219,1.715851664543152,0.2476667165756225,67.78606414794922
1.8073028,0.0,2020-07-15 00:00:00+00:00,35.16251482408933,-118.47575670844998,10.0,47.3,0.2811,1.2,5.0,30.212499618530277,15.683775901794434,29.18541717529297,26.18020820617676,3.458534002304077,0.0883333384990692,267.1170349121094
834.3141,0.0,2003-07-15 00:00:00+00:00,35.177214783693685,-118.4698608650057,10.0,48.9,0.3384,1.2,5.0,34.076499938964844,11.620808601379396,29.48066711425781,37.44400787353516,4.2672529220581055,0.1050000116229057,281.03668212890625
5.0401454,2.0,2024-07-14 00:00:00+00:00,35.47579872941353,-118.59508981831038,10.0,29.7,0.6816,3.7,42.0,30.214500427246094,12.218805313110352,22.779083251953125,28.96037101745605,3.5841047763824463,0.1379166394472122,218.271484375
551.71515,3.0,2010-07-15 00:00:00+00:00,35.56283865069168,-118.515361309894,10.0,39.6,0.2368,2.9,3.0,37.10350036621094,11.304228782653809,30.851417541503903,37.79830551147461,5.0146098136901855,0.0688750073313713,307.6029968261719
11.693972,0.0,2006-07-16 00:00:00+00:00,34.28700680783584,-117.08619717286597,7.0,43.5,0.4061,3.6,11.0,33.15449905395508,9.064568519592283,27.34825134277344,31.00151824951172,4.296859264373779,0.1867917031049728,249.0175018310547
13.992201,7.0,2020-02-17 00:00:00+00:00,34.2787196802349,-114.13780679446803,10.0,27.4,0.2867,2.0,2.0,25.22800064086914,15.34968376159668,20.057167053222656,30.70500946044922,2.6462957859039307,0.0,289.44012451171875
5.1360264,2.0,2021-03-19 00:00:00+00:00,35.323231514218755,-115.09889323548892,7.0,32.3,0.1615,2.9,0.0,18.94650077819824,15.459053993225098,12.86941623687744,29.62899208068848,1.613552212715149,0.0520833395421505,240.5726318359375
115.96847,3.0,2002-03-05 00:00:00+00:00,35.836935613832175,-116.2248526461309,7.0,24.9,0.1687,0.1,0.0,20.95499992370605,6.989935398101807,13.975831031799316,6.81437873840332,2.3459599018096924,0.0200000032782554,143.8000946044922
22.817526,0.0,2012-02-10 00:00:00+00:00,35.51281502942325,-119.0928047134025,10.0,28.6,0.3719,6.2,3.0,23.40699958801269,7.628262996673584,14.032000541687012,56.78825759887695,2.1318962574005127,0.1203750148415565,64.01811981201172
2.3814552,0.0,2021-03-01 00:00:00+00:00,35.54633960817213,-118.96329606884856,10.0,34.6,0.2731,2.9,2.0,23.60650062561035,22.2647705078125,15.58358097076416,19.226816177368164,2.7282872200012207,0.0442916713654994,137.82273864746094
178.1577,9.0,2023-07-14 00:00:00+00:00,35.62390006053283,-118.485271503882,7.0,50.0,0.2859,3.0,2.0,41.74649810791016,16.946786880493164,33.20275115966797,17.83667755126953,7.490766525268555,0.040708340704441,254.6530914306641
208.30032,0.0,2005-07-15 00:00:00+00:00,35.62465742787617,-118.81431043659504,10.0,44.2,0.2506,1.1,6.0,37.93149948120117,8.31124496459961,33.39191818237305,16.716489791870117,5.793756008148193,0.0850000083446502,247.3285369873047
0.042383417,0.0,2012-02-09 00:00:00+00:00,35.72230224802197,-118.69029222572614,10.0,20.8,0.3988,3.0,5.0,18.11050033569336,7.072877883911133,8.583415985107422,63.66526412963867,1.3696706295013428,0.2784166634082794,20.64713287353516
95.88905,1.0,2010-07-15 00:00:00+00:00,35.79898870207855,-118.44169258936653,10.0,39.8,0.2114,2.3,1.0,36.16749954223633,8.707237243652344,29.91541862487793,37.55512619018555,4.778712749481201,0.0688750073313713,292.3569030761719
22.432552,0.0,2010-07-15 00:00:00+00:00,36.20423071946567,-118.34508226052472,10.0,30.2,0.431,6.4,18.0,30.607999801635746,9.957107543945312,22.66217041015625,49.51434326171875,3.3630239963531494,0.243916630744934,180.5207977294922
910.11816,4.0,2010-07-16 00:00:00+00:00,35.782469844909954,-117.9669083164679,7.0,47.7,0.2656,1.5,0.0,36.80649948120117,15.856355667114258,36.12942123413086,28.01072883605957,5.339317798614502,0.0240833330899477,181.60223388671875
406.84146,5.0,2013-02-24 00:00:00+00:00,36.599421107926574,-118.0306510975738,7.0,17.7,0.1564,5.1,1.0,10.585999488830566,8.707237243652344,3.965166330337525,42.89631652832031,0.7975127696990967,0.1970416456460952,0.1484248787164688
51.00266,3.0,2024-07-14 00:00:00+00:00,36.58086999440982,-118.0614489372232,10.0,41.2,0.7076,12.2,1.0,35.37750244140625,16.73516082763672,32.95874786376953,31.38471984863281,4.900062561035156,0.0119166644290089,144.0016326904297
77.203224,,2007-07-15 00:00:00+00:00,36.24252420470756,-118.85756113230904,10.0,35.2,0.3771,6.1,14.0,28.13250160217285,9.255571365356444,23.520002365112305,53.973628997802734,2.342245101928711,0.1615000069141388,260.0873107910156
24.69102,0.0,2010-07-15 00:00:00+00:00,36.731356670864336,-118.7315956821414,8.0,16.9,0.6362,7.8,52.0,23.350000381469727,7.342587947845459,17.70625114440918,50.66254806518555,2.048547744750977,0.262874960899353,200.3231964111328
324.3438,94.0,2012-07-15 00:00:00+00:00,36.87581782419856,-118.47567801079818,10.0,26.4,0.4368,5.6,6.0,20.166000366210938,11.04326057434082,21.916000366210938,29.018449783325195,1.9564721584320068,0.1356250047683715,222.45138549804688
440.6908,2.0,2011-03-18 00:00:00+00:00,37.16226353772463,-118.305896341937,7.0,23.2,0.2442,6.2,1.0,10.812000274658203,11.92355728149414,4.807833194732666,41.754024505615234,0.940265417098999,0.3777083158493042,164.74481201171875
943.448,2.0,2009-02-05 00:00:00+00:00,36.91270441364115,-118.19956422697098,10.0,18.7,0.2214,4.3,17.0,11.763999938964844,6.608721733093262,3.511916399002075,40.381290435791016,0.8780683875083923,0.395041674375534,192.2250823974609
257.83228,0.0,2021-03-01 00:00:00+00:00,36.99394365233842,-118.22631393858624,10.0,23.5,0.1499,2.1,0.0,12.004499435424805,10.587918281555176,4.9795002937316895,29.55510139465332,1.0004734992980957,0.2331250160932541,149.27679443359375
4140.06,10.0,2022-02-16 00:00:00+00:00,37.276057003943485,-118.30812828896262,10.0,18.4,0.1776,2.9,0.0,12.114500045776367,18.161277770996094,6.741583347320557,47.03932189941406,0.9867211580276488,0.0873333439230918,308.2833251953125
13.5680895,0.0,2013-01-27 00:00:00+00:00,37.30751541323309,-118.30572418540952,7.0,11.6,0.1562,5.5,0.0,10.95699977874756,14.51206398010254,1.871583104133606,61.429988861083984,0.6004416942596436,0.340499997138977,280.2289123535156
87.27866,3.0,2008-03-02 00:00:00+00:00,37.31439712193562,-118.31110116546536,7.0,12.1,0.1354,2.6,0.0,10.156999588012695,7.993297576904297,1.8111666440963743,56.53903198242188,0.6560041904449463,0.2560000121593475,345.2321472167969
766.731,4.0,2008-03-16 00:00:00+00:00,37.40926885649817,-118.45765064100092,10.0,16.8,0.2374,6.1,3.0,2.1435000896453857,11.019763946533203,1.449750304222107,69.67032623291016,0.3137639760971069,0.3139166533946991,311.2208557128906
178.44696,,2016-07-12 00:00:00+00:00,37.40184786026612,-119.01551066013197,1.0,33.2,0.5989,9.9,39.0,20.818998336791992,14.241629600524902,14.019000053405762,31.668684005737305,2.025078773498535,0.2591250240802765,241.9275665283203
18.332766,2.0,2006-07-15 00:00:00+00:00,37.65702689950461,-118.907258751956,10.0,38.4,0.4668,6.2,20.0,28.0364990234375,12.53813362121582,22.415666580200195,34.70225143432617,3.309309244155884,0.2286667376756668,236.73426818847656
96831.23,138.0,2018-07-13 00:00:00+00:00,37.62895215168736,-119.80502135531196,10.0,33.3,0.4531,3.2,14.0,29.72150039672852,12.101570129394531,24.181915283203125,44.4462890625,3.041465282440185,0.2337916642427444,319.8991394042969
52.125206,0.0,2003-07-16 00:00:00+00:00,35.309665425030495,-120.6955678572468,9.0,32.1,0.4261,3.5,14.0,31.342498779296875,16.676977157592773,26.51958274841309,64.79730224609375,2.809442043304444,0.1210000291466713,296.6619873046875
10.820319,0.0,2016-07-15 00:00:00+00:00,35.520984350510496,-120.80818057168868,10.0,27.8,0.4461,10.2,16.0,23.878999710083008,12.682018280029297,22.972749710083008,73.4257583618164,1.5290322303771973,0.1370000094175338,225.85498046875
40.41796,2.0,2023-07-15 00:00:00+00:00,35.87758510279885,-120.56955679642816,10.0,44.4,0.3244,1.9,5.0,40.53150177001953,12.904882431030272,30.448165893554688,24.889368057250977,6.497315883636475,0.2140000462532043,327.36248779296875
13.797607,0.0,2021-02-21 00:00:00+00:00,35.96517341946255,-120.6199501293152,10.0,19.4,0.4643,4.4,9.0,16.572498321533203,17.782686233520508,9.53083324432373,62.4882926940918,1.2981064319610596,0.225666657090187,13.652104377746582
29666.955,13.0,2020-07-13 00:00:00+00:00,36.17609800622305,-120.5600232720767,7.0,42.0,0.1895,4.1,8.0,36.21599960327149,17.884428024291992,30.509748458862305,19.86558151245117,5.415657997131348,0.0985000133514404,257.0579528808594
21.090044,0.0,2012-02-04 00:00:00+00:00,36.17072202735632,-120.37963725508529,10.0,23.3,0.2679,2.7,5.0,19.518001556396484,11.212135314941406,10.538832664489746,41.19639587402344,1.9185954332351685,0.1155833303928375,149.45252990722656
50.004982,0.0,2012-07-15 00:00:00+00:00,36.22245820770429,-120.3886599051374,10.0,55.6,0.1528,1.3,1.0,33.78350067138672,9.53150463104248,33.92100143432617,37.2152214050293,4.318194389343262,0.0959999859333038,256.195068359375
22.974524,1.0,2003-07-15 00:00:00+00:00,36.09922198432862,-121.41622852806772,8.0,41.8,0.4764,14.8,30.0,29.68899917602539,15.696165084838867,24.484832763671875,43.89713668823242,3.1634154319763184,0.1389999538660049,335.60894775390625
249.07225,0.0,2006-07-15 00:00:00+00:00,36.43927877334885,-121.22795776908376,6.0,40.3,0.2676,3.2,9.0,36.87149810791016,10.829957962036133,30.51941680908203,39.22944259643555,4.96372652053833,0.1084583327174186,316.35577392578125
687.42084,12.0,2022-01-21 00:00:00+00:00,36.38494362343818,-121.8918868311671,8.0,14.8,0.652,8.8,15.0,19.34000015258789,19.45332717895508,13.87125015258789,52.21607971191406,1.5263898372650146,0.2975416779518127,53.25934600830078
190.4012,0.0,2014-03-19 00:00:00+00:00,36.66005900294205,-121.44679796552124,10.0,27.4,0.5517,6.2,9.0,22.977001190185547,10.182336807250977,14.270750999450684,50.32401657104492,2.15227484703064,0.2166249752044677,84.55994415283203
15.676765,0.0,2018-02-17 00:00:00+00:00,36.78679230718839,-121.53321348375334,9.0,21.1,0.6733,4.5,28.0,19.37299919128418,9.255571365356444,10.214667320251465,42.24355697631836,1.7069004774093628,0.1859166771173477,159.4438934326172
36.86267,0.0,2003-07-15 00:00:00+00:00,36.73660378969964,-121.58243468274456,10.0,31.6,0.3161,5.8,6.0,25.58049964904785,13.397611618041992,22.663833618164062,65.64994049072266,1.7584737539291382,0.131999984383583,273.78155517578125
12.290551,0.0,2019-07-15 00:00:00+00:00,37.62236315342204,-120.54497045796651,12.0,33.5,0.2483,3.9,5.0,37.05400085449219,16.793140411376953,30.795669555664062,35.33149337768555,5.367595195770264,0.1210000291466713,309.2593688964844
5.0885396,0.0,2004-07-16 00:00:00+00:00,37.67116434362104,-120.46857194811255,10.0,43.5,0.2836,1.7,4.0,34.84600067138672,15.509273529052734,31.168916702270508,34.844520568847656,4.797359943389893,0.1080000177025795,325.5084228515625
16.194466,3.0,2008-03-21 00:00:00+00:00,35.26254090946015,-120.51615268220074,6.0,18.2,0.6237,12.5,30.0,21.54750061035156,18.161277770996094,13.73083209991455,43.79728317260742,2.050396203994751,0.2261250019073486,24.09867286682129
616.9758,2.0,2012-07-16 00:00:00+00:00,35.39567029655274,-120.54195746823991,6.0,29.3,0.4725,10.2,8.0,23.39249992370605,15.62997055053711,21.788331985473636,70.6290283203125,1.5472230911254885,0.1340000480413437,235.67965698242188
4044.1243,0.0,2024-07-15 00:00:00+00:00,35.63774889185898,-119.65500006096808,12.0,58.4,0.1532,0.6,1.0,41.98500061035156,21.67486953735352,36.08082962036133,23.365562438964844,7.248612880706787,0.1240000128746032,298.0337219238281
121.712875,0.0,2024-07-15 00:00:00+00:00,35.70010251065411,-119.81021774891224,12.0,44.4,0.1842,0.8,0.0,41.50299835205078,25.241107940673828,36.3571662902832,24.70549201965332,7.16232442855835,0.0370000004768371,277.1920471191406
347.29236,1.0,2024-07-15 00:00:00+00:00,35.76903391716855,-119.7819714395348,12.0,44.1,0.225,0.4,1.0,41.8125,26.019805908203125,36.86041259765625,25.280181884765625,7.313112735748291,0.0329999960958957,265.48779296875
25.342293,,2000-07-16 00:00:00+00:00,36.69178659339661,-119.14748423336424,,41.8,0.4922,9.0,14.0,30.266998291015625,11.18320083618164,25.27533531188965,44.39690780639648,3.2490074634552,0.1379999965429306,280.2530822753906
14.3992,1.0,2023-07-14 00:00:00+00:00,36.75731464305284,-119.17473812846838,10.0,42.3,0.3249,0.7,17.0,36.63949966430664,12.239999771118164,29.46241569519043,21.85389709472656,5.234269142150879,0.1427916884422302,328.3487243652344
131.1804,13.0,2016-07-15 00:00:00+00:00,37.00910801864299,-119.58100371305412,10.0,51.1,0.3477,2.4,8.0,37.823001861572266,10.63676643371582,30.51466560363769,25.049753189086918,5.889439582824707,0.1340000480413437,296.2435302734375
1485.0753,3.0,2020-07-15 00:00:00+00:00,36.67473958515888,-120.9989550350248,10.0,41.8,0.2114,2.2,4.0,32.23100280761719,13.281023025512695,27.956003189086918,51.405757904052734,3.7567138671875,0.092916689813137,273.25714111328125
200.08377,0.0,2019-07-15 00:00:00+00:00,37.93912178387853,-120.8314384088638,12.0,43.5,0.2704,1.6,12.0,36.072998046875,15.484185218811035,29.75633430480957,38.84064865112305,5.072660446166992,0.1170000210404396,310.8902893066406
479.27722,3.0,2004-07-15 00:00:00+00:00,37.24668046680402,-121.75335735145669,10.0,41.6,0.2554,3.7,7.0,29.964500427246094,13.10419750213623,24.07075309753418,53.12495803833008,3.3271470069885254,0.1789999604225158,265.62713623046875
50.121784,0.0,2013-07-15 00:00:00+00:00,38.09225071321979,-121.03588682189228,10.0,40.4,0.2977,3.8,6.0,32.03900146484375,14.973576545715332,27.13274955749512,44.12089920043945,3.739845275878906,0.1150000020861625,308.0705871582031
109.66466,0.0,2004-07-16 00:00:00+00:00,37.84395631567428,-120.60127820556936,10.0,40.0,0.2898,2.7,8.0,33.17550277709961,14.689587593078612,29.200498580932617,35.51475143432617,4.354613304138184,0.1099999845027923,312.7041320800781
244.83698,0.0,2004-07-14 00:00:00+00:00,37.92263745245806,-120.46527305596368,10.0,41.4,0.3383,6.8,6.0,31.403499603271484,10.805997848510742,27.43891716003418,43.19790267944336,3.7151286602020255,0.1240000128746032,307.9747619628906
85.49673,0.0,2006-07-16 00:00:00+00:00,38.63089713130943,-120.85031576528564,9.0,42.4,0.4844,5.0,14.0,36.542999267578125,9.904906272888184,27.45133209228516,28.866554260253903,5.169338226318359,0.1749999672174453,233.23081970214844
73.11472,0.0,2022-07-14 00:00:00+00:00,38.55716725695276,-121.13292885088522,10.0,41.9,0.3793,1.6,15.0,37.2239990234375,13.27614402770996,29.20733070373535,46.4421272277832,5.213454246520996,0.0940000042319297,203.8896026611328
935.63196,0.0,2007-07-16 00:00:00+00:00,38.81067683063665,-121.38268823051956,10.0,43.2,0.2493,2.6,3.0,35.586997985839844,16.327497482299805,28.64116477966309,47.96932601928711,4.753985404968262,0.1310000270605087,179.08726501464844
2.438375,0.0,2019-07-14 00:00:00+00:00,38.597146875829694,-120.77928473841652,8.0,35.9,0.4821,15.0,13.0,33.436500549316406,13.830748558044434,25.576082229614254,33.95792388916016,4.503273010253906,0.2549584209918976,196.3360748291016
19.171484,7.0,2008-07-14 00:00:00+00:00,37.21927245086278,-122.11224782263535,2.0,24.0,0.7906,31.0,68.0,24.18249893188477,10.483357429504396,19.6512508392334,73.02075958251953,1.4405792951583862,0.2080000042915344,254.07330322265625
0.69600874,0.0,2016-07-15 00:00:00+00:00,38.12765719314993,-122.7137923607991,2.0,25.7,0.6711,31.9,36.0,21.871000289916992,11.620808601379396,20.09808349609375,81.2696762084961,1.08870530128479,0.1422500163316726,218.79656982421875
196.72179,3.0,2012-02-23 00:00:00+00:00,38.43400254969771,-122.31689591544514,9.0,18.9,0.5239,5.8,12.0,22.659500122070312,22.36640167236328,13.407416343688965,46.91440963745117,2.160297393798828,0.2948333621025085,342.32720947265625
129.0111,0.0,2007-07-15 00:00:00+00:00,38.84469843120066,-122.55286673371772,10.0,41.3,0.3713,10.1,15.0,32.2599983215332,13.684735298156738,25.207918167114254,47.26891708374024,3.680119514465332,0.1400000303983688,252.8971710205078
2.159534,0.0,2020-02-12 00:00:00+00:00,38.71982117298364,-123.37917357113956,8.0,15.8,0.6816,10.9,22.0,18.45950126647949,20.54840087890625,12.39908504486084,67.15091705322266,0.8859339356422424,0.2605000138282776,17.241546630859375
104.18044,0.0,2014-01-22 00:00:00+00:00,38.78933095875445,-121.43690685844604,12.0,20.5,0.2419,0.9,4.0,19.864999771118164,9.360000610351562,9.473332405090332,54.40571594238281,1.749787449836731,0.1699583530426025,349.4389953613281
642.64557,1.0,2009-07-15 00:00:00+00:00,38.93306560334132,-120.98891922561376,10.0,39.8,0.3425,2.9,18.0,37.705997467041016,10.948972702026367,30.51849937438965,24.95098304748535,5.884201526641846,0.1390833109617233,156.6407470703125
15.139179,3.0,2022-03-08 00:00:00+00:00,38.98282949948414,-120.77778850367784,1.0,11.7,0.7447,7.9,53.0,15.237000465393066,15.13713264465332,6.134916305541992,50.20708847045898,1.2494698762893677,0.3678750097751617,55.568809509277344
35.28005,36.0,2015-01-24 00:00:00+00:00,38.96866413706741,-120.6293727934342,1.0,17.5,0.7897,6.2,64.0,17.12299919128418,20.491559982299805,8.322999000549316,44.40040588378906,1.455047369003296,0.3964999616146087,71.71989440917969
44.545002,36.0,2015-01-24 00:00:00+00:00,39.01082790175277,-120.58876327772508,1.0,15.5,0.8523,5.9,53.0,15.657499313354492,19.809812545776367,7.386667251586914,47.43564987182617,1.2962532043457031,0.4111666977405548,70.70980072021484
376.9104,1.0,2020-07-15 00:00:00+00:00,39.12976058266008,-121.36958425775072,10.0,40.5,0.2116,0.9,5.0,36.70699691772461,15.546833038330078,30.82366752624512,42.55743789672852,4.8488874435424805,0.1125416681170463,177.11512756347656
20.034046,0.0,2015-07-14 00:00:00+00:00,39.19572819203034,-121.36227002221464,10.0,49.0,0.2412,1.7,2.0,32.930999755859375,10.495713233947754,29.56641960144043,43.4833869934082,3.950228214263916,0.1079166904091835,171.96435546875
33.97389,1.0,2020-03-10 00:00:00+00:00,39.39917065260201,-121.3171636073627,8.0,20.4,0.6599,10.8,25.0,19.91800117492676,15.188414573669434,9.3325834274292,61.28196716308594,1.6274354457855225,0.4048333466053009,26.25234031677246
47.618317,4.0,2020-03-03 00:00:00+00:00,39.45882175925818,-121.13271836551714,1.0,18.7,0.7491,15.7,54.0,23.603500366210938,19.17147827148437,12.080584526062012,35.672401428222656,2.366244316101074,0.304375022649765,25.8072452545166
17.689049,3.0,2024-07-15 00:00:00+00:00,39.549221642906666,-121.35204861350958,9.0,37.0,0.4279,2.2,20.0,37.108497619628906,12.18162441253662,28.358497619628903,39.4420051574707,5.336750030517578,0.1389582902193069,204.44395446777344
14.103647,39.0,2018-07-13 00:00:00+00:00,37.96297398330963,-119.73556473997093,10.0,31.2,0.4784,9.3,25.0,28.62799835205078,13.202726364135742,22.386335372924805,44.54740905761719,2.77790641784668,0.2582499980926513,226.2588806152344
112.64424,118.0,2002-07-14 00:00:00+00:00,38.098487323315766,-119.6343859243234,9.0,27.9,0.5087,7.0,23.0,22.522499084472656,16.873979568481445,22.33916473388672,56.10690689086914,1.9003212451934812,0.2109166830778122,208.4037628173828
11.73746,2.0,2013-03-17 00:00:00+00:00,38.1344589518728,-120.30120208550846,1.0,14.9,0.7086,12.5,38.0,17.4685001373291,14.186923027038574,11.878918647766112,53.20439147949219,1.3419814109802246,0.3016666769981384,358.0182800292969
512.43353,7.0,2015-02-06 00:00:00+00:00,38.2256490564951,-119.22739968382184,10.0,18.5,0.2255,6.6,2.0,10.488000869750977,28.772987365722656,2.871333122253418,46.23948669433594,0.8905985355377197,0.4317083656787872,187.21728515625
28.504213,1.0,2008-07-15 00:00:00+00:00,38.3972628180796,-119.8363684887959,10.0,28.3,0.5643,23.1,13.0,23.07000160217285,14.471820831298828,15.76791763305664,55.09511947631836,2.285294532775879,0.2955416738986969,250.6924285888672
36.33651,0.0,2008-03-05 00:00:00+00:00,38.32341910413204,-120.57265472887764,1.0,16.1,0.7203,9.6,57.0,15.748499870300291,17.992795944213867,9.50683307647705,49.98129653930664,1.1927300691604614,0.3455417156219482,55.01908874511719
21.48666,1.0,2019-07-15 00:00:00+00:00,38.73288380557463,-119.771268251209,9.0,33.4,0.2993,6.1,5.0,28.286001205444336,17.373497009277344,23.433916091918945,28.838836669921875,3.318418502807617,0.2243333607912063,240.0369415283203
4.3660474,182.0,2020-02-29 00:00:00+00:00,39.01634256706895,-122.61741833487324,8.0,15.5,0.563,6.2,24.0,19.623998641967773,22.34611320495605,12.655250549316406,68.4407730102539,1.557064652442932,0.153166651725769,260.32061767578125
15.628776,0.0,2017-07-15 00:00:00+00:00,39.36100388036075,-122.4471884711948,7.0,47.1,0.3592,0.3,9.0,37.16349792480469,14.404499053955078,31.255165100097656,30.350339889526367,5.22755241394043,0.1284166574478149,87.20741271972656
155.27298,4.0,2020-03-02 00:00:00+00:00,39.74833627661945,-122.38382912890734,10.0,22.1,0.344,2.8,5.0,21.95199966430664,31.706579208374023,14.345749855041504,17.553464889526367,2.0908868312835693,0.0129583328962326,350.3702087402344
21.912743,0.0,2020-03-13 00:00:00+00:00,39.8830504914979,-122.63192752214866,7.0,26.1,0.5438,8.4,20.0,21.67099952697754,15.003839492797852,14.275168418884276,24.901079177856445,2.199000120162964,0.2461249679327011,328.2079467773437
215.52551,7.0,2020-02-25 00:00:00+00:00,39.75264189206657,-122.92128509667936,1.0,14.1,0.6921,10.0,51.0,16.498001098632812,9.359999656677246,2.560499668121338,49.11744689941406,1.4590122699737549,0.2945416867733001,63.336727142333984
22.16579,0.0,2013-07-14 00:00:00+00:00,40.20994854330773,-123.74942934187575,8.0,32.4,0.3299,23.0,11.0,30.423999786376957,9.746630668640137,21.94066619873047,44.92897033691406,3.524960994720459,0.1487083286046981,329.7435607910156
43.341698,0.0,2021-07-14 00:00:00+00:00,40.232485923778455,-122.6104637504818,9.0,49.3,0.2948,0.4,12.0,38.07950210571289,16.981164932250977,34.291996002197266,24.925073623657227,5.844054698944092,0.1630000472068786,138.24264526367188
181.44044,1.0,2020-02-22 00:00:00+00:00,40.33308964716485,-122.86017230537168,8.0,18.3,0.3173,5.7,22.0,20.465499877929688,16.93531036376953,11.130081176757812,36.9702262878418,1.941349744796753,0.2757916748523712,268.0353088378906
154.48994,5.0,2009-07-15 00:00:00+00:00,39.692870138683965,-120.9310523459834,8.0,29.7,0.5676,3.5,23.0,30.22300148010254,14.773163795471191,21.42716789245605,27.56142234802246,3.7184112071990967,0.2686667144298553,201.1613006591797
24.432167,1.0,2009-07-15 00:00:00+00:00,39.82727237894653,-121.55541846616228,1.0,34.2,0.7331,1.5,45.0,36.5364990234375,12.39780616760254,29.2864990234375,16.76270294189453,5.672799110412598,0.1389166265726089,140.6359405517578
10.366564,0.0,2011-02-13 00:00:00+00:00,39.93922084591563,-121.58090114164122,1.0,13.8,0.8195,5.7,57.0,14.610000610351562,14.404499053955078,7.120416641235352,50.44615173339844,1.180296540260315,0.3151250183582306,151.26654052734375
963405.44,103.0,2021-07-14 00:00:00+00:00,40.21080991216336,-121.04625851551673,8.0,33.0,0.6345,3.6,20.0,31.587501525878903,16.363178253173828,22.89375114440918,15.968907356262209,4.166736125946045,0.252249926328659,219.68316650390625
114.02966,,2000-07-15 00:00:00+00:00,40.39993322871644,-120.7775436542434,,33.3,0.2557,9.1,4.0,29.065000534057617,15.62997055053711,20.74416732788086,30.05406379699707,3.664532661437988,0.2666249573230743,229.9544677734375
16.441874,0.0,2016-07-15 00:00:00+00:00,40.39125334085189,-122.13466877301542,10.0,49.7,0.2089,0.8,4.0,38.220497131347656,12.722829818725586,31.50174903869629,19.374778747558597,6.092441082000732,0.1089999750256538,144.35545349121094
15.156711,0.0,2015-02-23 00:00:00+00:00,40.61675124852072,-121.86152389355,1.0,10.4,0.7477,7.6,54.0,11.509499549865724,24.79822540283203,7.724082946777344,29.03327751159668,1.0752968788146973,0.3116250038146972,32.870887756347656
21.04706,0.0,2004-07-16 00:00:00+00:00,40.68196622731097,-122.0367362609704,8.0,44.2,0.5585,10.4,22.0,34.80000305175781,9.726664543151855,25.44583320617676,25.10942268371582,4.980450630187988,0.1370000094175338,161.3720703125
56.61373,110.0,2018-07-15 00:00:00+00:00,40.84197912429185,-121.33719962303388,10.0,34.2,0.2914,2.0,9.0,31.79199981689453,12.682018280029297,24.264915466308597,35.323116302490234,3.744070053100586,0.2422499656677246,316.22625732421875
1262.497,10.0,2024-07-13 00:00:00+00:00,40.897990534967086,-121.13774863928808,10.0,47.7,0.3977,2.3,19.0,36.73200225830078,22.38377952575684,31.519500732421875,15.809659004211426,5.736939907073975,0.2206666618585586,227.3037872314453
41.53341,9.0,2024-07-13 00:00:00+00:00,40.90700477204803,-121.17751507094592,10.0,42.5,0.4188,3.6,11.0,37.53100204467773,20.945072174072266,32.98308563232422,14.902195930480955,6.031586170196533,0.2210000157356262,235.48178100585935
57.03822,3.0,2018-07-15 00:00:00+00:00,40.93438809337791,-121.12957094375412,10.0,35.8,0.2612,2.5,7.0,31.72100067138672,16.750640869140625,28.47516822814941,36.46197891235352,3.839705467224121,0.2187499552965164,280.8734741210937
76.45523,6.0,2018-07-15 00:00:00+00:00,40.95684867696619,-121.27231299177896,10.0,33.8,0.3133,1.9,9.0,34.85649871826172,18.003599166870117,31.633583068847656,30.75450134277344,4.683980464935303,0.239291712641716,279.4889831542969
9.685986,5.0,2018-07-15 00:00:00+00:00,41.006967826157485,-121.1574825453843,10.0,33.8,0.3085,2.6,11.0,34.24550247192383,16.263872146606445,29.439254760742188,30.82620048522949,4.556225299835205,0.233458325266838,267.71649169921875
101.76656,1.0,2020-02-17 00:00:00+00:00,39.66839647941824,-120.34841101896336,10.0,17.2,0.3632,6.7,21.0,10.69849967956543,12.261157035827637,2.8484995365142822,62.42721939086914,0.8649005889892578,0.3987500369548797,345.9646911621094
54.357285,0.0,2020-02-23 00:00:00+00:00,40.644979341787554,-120.5199416669892,10.0,14.3,0.1987,6.1,5.0,11.529500007629396,22.35481071472168,4.200333118438721,49.83882522583008,0.9245237708091736,0.2360000014305114,314.8638610839844
168.81552,1.0,2007-02-17 00:00:00+00:00,40.52160898352748,-120.04395201600715,10.0,18.5,0.1065,7.7,1.0,12.30150032043457,14.51206398010254,4.822333335876465,75.30400848388672,0.6455283761024475,0.2533750236034393,28.25269889831543
20.080582,6.0,2002-07-14 00:00:00+00:00,41.14669251089498,-120.66330679701028,9.0,35.5,0.5533,6.6,39.0,29.65049934387207,16.39482879638672,26.10675048828125,41.125823974609375,3.246021509170532,0.1255416721105575,218.4080047607422
16.129719,1.0,2001-07-14 00:00:00+00:00,41.46585026696062,-120.33161560800664,10.0,40.6,0.4257,6.9,15.0,25.555500030517575,9.793058395385742,21.22633552551269,40.295677185058594,2.693510770797729,0.1634166836738586,278.50177001953125
52.75735,20.0,2018-07-14 00:00:00+00:00,41.51563933520394,-120.68247071503605,10.0,45.4,0.2092,1.9,1.0,32.156002044677734,16.923830032348633,31.4372501373291,28.120439529418945,4.011438846588135,0.0259166583418846,267.19842529296875
21.962833,1.0,2021-02-24 00:00:00+00:00,41.56078899423773,-120.53999539238777,10.0,3.7,0.2567,7.4,3.0,7.839999675750732,20.63022994995117,2.1733334064483643,65.75811004638672,0.6958573460578918,0.1850833445787429,8.481528282165527
65.7382,1.0,2012-07-15 00:00:00+00:00,41.92841809084982,-120.05980468577012,10.0,44.4,0.365,15.2,6.0,27.472000122070312,18.709611892700195,25.88658142089844,40.11362838745117,2.9090049266815186,0.2529999315738678,280.7698974609375
303.66998,6.0,2022-07-14 00:00:00+00:00,40.45101337148702,-122.33081407790552,9.0,49.4,0.3749,0.1,10.0,39.72700119018555,15.716793060302734,31.585329055786133,23.299192428588867,6.732636451721191,0.1389999538660049,140.46026611328125
9.843405,2.0,2001-03-18 00:00:00+00:00,40.453054688071205,-122.81092895133362,10.0,21.1,0.6395,9.9,41.0,19.56100082397461,10.13769245147705,9.808917045593262,72.9081039428711,1.423604965209961,0.4146666228771209,286.3409118652344
88.68606,0.0,2022-03-04 00:00:00+00:00,40.66943339703422,-122.4130503634735,8.0,17.2,0.6628,7.5,12.0,14.80049991607666,23.58480834960937,12.287999153137209,50.0328369140625,1.239447832107544,0.2841249406337738,327.7860107421875
8.4357,0.0,2010-07-16 00:00:00+00:00,40.73870699745312,-122.99854444197166,7.0,39.2,0.401,5.3,7.0,38.91050338745117,8.20926284790039,28.92091560363769,41.729190826416016,5.869704246520996,0.2557916939258575,244.7989196777344
31.464485,34.0,2022-03-11 00:00:00+00:00,40.83157537767806,-123.11547719499616,1.0,12.8,0.7643,9.3,52.0,18.51799964904785,6.489992141723633,4.026332378387451,30.81882667541504,1.7277175188064575,0.3550833463668823,19.025714874267575
15.425618,5.0,2018-07-14 00:00:00+00:00,40.863320170195394,-120.96088310088894,10.0,41.4,0.2794,2.8,3.0,32.066497802734375,12.53813362121582,25.604001998901367,30.385541915893555,3.862101793289185,0.2459999471902847,305.9151306152344
30.369024,7.0,2018-07-15 00:00:00+00:00,41.05506328449837,-121.04123669045671,10.0,36.2,0.3491,2.1,14.0,33.54600143432617,14.021525382995604,27.606414794921875,33.500389099121094,4.350056171417236,0.2504167258739471,281.4965209960937
13.274441,0.0,2020-02-26 00:00:00+00:00,40.8556605974998,-121.92829692497176,8.0,20.3,0.5198,7.1,32.0,18.69099998474121,19.353139877319336,9.793084144592283,43.55781555175781,1.5962870121002195,0.3645833432674408,46.43202590942383
17.334587,14.0,2014-07-15 00:00:00+00:00,41.375033922285695,-121.54776940468732,8.0,27.6,0.4889,8.5,33.0,36.47200012207031,17.61058807373047,27.799081802368164,28.87747383117676,5.371941566467285,0.2466249465942382,257.6861267089844
11.034623,2.0,2024-07-15 00:00:00+00:00,41.311201198111554,-121.07367245149024,9.0,45.9,0.3231,3.4,10.0,32.26250076293945,17.709657669067383,26.624998092651367,29.655258178710938,4.226155757904053,0.2479999214410781,255.96376037597656
1193.3157,52.0,2011-07-15 00:00:00+00:00,41.76186304822432,-121.35159210993348,10.0,48.8,0.2248,5.4,5.0,26.577999114990234,13.104198455810549,24.51966667175293,38.33416366577149,2.8964507579803467,0.0357500053942203,260.3013610839844
299.61472,2.0,2024-07-15 00:00:00+00:00,41.78816276880186,-121.36170940783278,10.0,44.4,0.2383,1.6,2.0,33.4890022277832,14.79945945739746,31.31816673278809,27.09467124938965,4.499241352081299,0.0294166598469018,221.14122009277344
1417.5349,52.0,2011-07-15 00:00:00+00:00,41.79368089684485,-121.36337525985134,10.0,46.4,0.27,5.1,5.0,26.19599914550781,13.104198455810549,23.57933616638184,39.46607971191406,2.796595573425293,0.0416249930858612,260.3013610839844
15.267551,1.0,2018-07-15 00:00:00+00:00,41.32459572386979,-123.85553745483784,1.0,26.2,0.5721,17.6,25.0,24.738500595092773,10.483357429504396,20.02808380126953,72.25984954833984,1.5774917602539062,0.163708359003067,303.9214782714844
12.582724,0.0,2022-03-12 00:00:00+00:00,41.44840706317078,-122.3723771690756,8.0,16.1,0.534,5.2,33.0,16.13599967956543,25.56253433227539,6.367249965667725,44.11604690551758,1.121603012084961,0.2828333675861358,179.7349853515625
3023.0232,8.0,2006-02-24 00:00:00+00:00,41.51073234698918,-122.31405710284862,10.0,14.0,0.3954,8.2,6.0,11.885499954223633,6.924737930297852,0.9625833630561828,52.2128791809082,0.943345069885254,0.3780416250228882,182.1437530517578
63.385395,0.0,2004-03-18 00:00:00+00:00,41.52873556367943,-122.63015291248335,8.0,20.9,0.3807,4.7,8.0,17.19499969482422,15.91346549987793,1.6554168462753296,63.7011604309082,1.333221435546875,0.4140417277812958,245.79074096679688
3.2861552,0.0,2012-03-10 00:00:00+00:00,41.559017005643945,-122.72766758104152,8.0,17.4,0.5017,8.2,34.0,14.937000274658203,10.85386562347412,1.5265833139419556,56.5628547668457,1.1982249021530151,0.4076666831970215,238.7449493408203
1.8941436,0.0,2022-03-07 00:00:00+00:00,41.64295950193606,-123.0033265966627,8.0,10.1,0.5467,5.7,25.0,15.29300022125244,12.81923484802246,3.290916681289673,54.300411224365234,1.3022232055664062,0.4199166297912597,337.9808959960937
2.8024895,0.0,2020-02-27 00:00:00+00:00,41.62571740175276,-122.5875650708444,10.0,13.8,0.4073,5.9,17.0,15.340999603271484,10.315114974975586,5.240999698638916,61.00631713867188,1.0701003074645996,0.213416650891304,310.50274658203125
223.86359,5.0,2018-07-15 00:00:00+00:00,41.69747558383723,-122.47456614398132,10.0,40.0,0.3029,2.1,9.0,35.71049880981445,13.755579948425291,31.82508087158203,23.305992126464844,4.888571262359619,0.1189999803900718,324.770751953125
7.5725226,0.0,2011-02-13 00:00:00+00:00,41.70009821515298,-122.50733971915976,10.0,15.5,0.3056,6.9,6.0,12.655500411987305,13.32486343383789,3.1555004119873047,61.18389892578125,1.036555528640747,0.3202916979789734,165.3111572265625
5.7481575,0.0,2007-01-25 00:00:00+00:00,41.6731426042552,-122.62489772861208,10.0,7.1,0.3032,6.2,4.0,12.295499801635742,8.496304512023926,0.1205000057816505,53.794376373291016,0.9388359785079956,0.4828748703002929,108.1781005859375
109.10317,2.0,2024-07-15 00:00:00+00:00,41.77632824827182,-122.30929277297996,10.0,43.2,0.325,2.6,7.0,31.29150009155273,14.241628646850586,26.6352481842041,25.97187614440918,3.913748025894165,0.135000005364418,215.7456970214844
4.5321383,0.0,2012-07-14 00:00:00+00:00,41.77401114644207,-122.58141388822912,10.0,45.1,0.2974,5.6,5.0,33.10749816894531,15.379205703735352,26.253332138061523,34.870121002197266,4.184739589691162,0.1649999767541885,325.16558837890625
101.78449,0.0,2024-07-15 00:00:00+00:00,41.78895774903527,-122.50615250442108,10.0,50.4,0.2597,2.5,2.0,35.777000427246094,16.087610244750977,30.81241607666016,27.496828079223636,5.16672945022583,0.1296666711568832,82.49539947509766
113.43159,2.0,2022-03-12 00:00:00+00:00,41.88243094004291,-121.84895006319992,10.0,14.4,0.3655,5.8,13.0,11.994500160217283,23.0849552154541,2.3799166679382324,45.66393661499024,1.1072784662246704,0.0967083275318145,192.94073486328125
12.384275,0.0,2006-02-07 00:00:00+00:00,41.93721938545468,-121.82518533196507,10.0,5.0,0.2888,7.4,5.0,10.54599952697754,6.489992141723633,1.1043332815170288,65.67232513427734,0.7712012529373169,0.3967500030994415,85.34459686279297
10.176378,0.0,2012-03-08 00:00:00+00:00,41.79953401802385,-122.3690835295954,10.0,18.0,0.3131,8.4,3.0,17.270999908447266,7.127635955810547,1.1647499799728394,46.26308822631836,1.529798984527588,0.3967499732971191,73.07238006591797
11.28721,0.0,2010-07-16 00:00:00+00:00,41.87178302905826,-122.4288357269653,10.0,52.0,0.2704,3.3,3.0,35.74150085449219,10.948972702026367,28.253999710083008,30.609130859375,4.912943363189697,0.2049999684095382,301.7786865234375
12.398717,0.0,2018-02-02 00:00:00+00:00,42.002676530800414,-121.92089295684742,10.0,12.8,0.2854,7.3,9.0,13.548999786376951,14.5610990524292,2.3448331356048584,77.87177276611328,0.7218786478042603,0.3054582774639129,273.8878173828125
